1129999999,1134567890,Como va todo...,08/11/2024 20:59:29
1111111122,1129999999,Como te fue el otro dia?,08/11/2024 20:59:29
1134567890,1111111122,Me fui a comer,08/11/2024 20:59:29
1129999999,1134567890,Como va todo...,08/11/2024 21:01:53
1111111122,1129999999,Como te fue el otro dia?,08/11/2024 21:01:53
1134567890,1111111122,Me fui a comer,08/11/2024 21:01:53
1129999999,1134567890,Como va todo...,08/11/2024 21:06:26
1111111122,1129999999,Como te fue el otro dia?,08/11/2024 21:06:26
1134567890,1111111122,Me fui a comer,08/11/2024 21:06:26
1129999999,1134567890,Como va todo...,08/11/2024 21:09:45
1111111122,1129999999,Como te fue el otro dia?,08/11/2024 21:09:45
1134567890,1111111122,Me fui a comer,08/11/2024 21:09:45
1129999999,1134567890,Como va todo...,08/11/2024 21:09:50
1111111122,1129999999,Como te fue el otro dia?,08/11/2024 21:09:50
1134567890,1111111122,Me fui a comer,08/11/2024 21:09:50
1129999999,1134567890,Como va todo...,08/11/2024 21:10:09
1111111122,1129999999,Como te fue el otro dia?,08/11/2024 21:10:09
1134567890,1111111122,Me fui a comer,08/11/2024 21:10:09
1129999999,1134567890,Como va todo...,08/11/2024 21:16:19
1111111122,1129999999,Como te fue el otro dia?,08/11/2024 21:16:19
1134567890,1111111122,Me fui a comer,08/11/2024 21:16:19
1129999999,1134567890,Como va todo...,08/11/2024 21:35:53
1111111122,1129999999,Como te fue el otro dia?,08/11/2024 21:35:53
1134567890,1111111122,Me fui a comer,08/11/2024 21:35:53
